rank,id,display,category,d1,d7,d30,prev7,momentum_pct,rising,undated_total,by_source
1,johnnie-walker-blue,조니워커 블루,blended,39,412,1619,388,+6%,,2481,naver_blog:1619; naver_cafe:2481
2,jack-daniels-no7,잭다니엘 No.7,bourbon,34,331,1167,371,-11%,,1976,naver_blog:1167; naver_cafe:1976
3,yamazaki-12,야마자키 12,single_malt,21,238,1032,334,-29%,,1871,naver_blog:1032; naver_cafe:1871
4,balvenie-12-doublewood,발베니 12 더블우드,single_malt,18,235,1185,281,-16%,,1864,naver_blog:1185; naver_cafe:1864
5,macallan-12-double-cask,맥캘란 12 더블캐스크,single_malt,22,215,740,147,+46%,,2774,naver_blog:740; naver_cafe:2774
6,johnnie-walker-black,조니워커 블랙,blended,14,212,1019,287,-26%,,1379,naver_blog:1019; naver_cafe:1379
7,glenfiddich-12,글렌피딕 12,single_malt,27,181,994,209,-13%,,1511,naver_blog:994; naver_cafe:1511
8,royal-salute-21,로얄살루트 21,blended,18,161,911,210,-23%,,1565,naver_blog:911; naver_cafe:1565
9,makers-mark,메이커스 마크,bourbon,18,148,670,144,+3%,,1960,naver_blog:670; naver_cafe:1960
10,four-roses-single-barrel,포로지스 싱글배럴,bourbon,19,129,670,151,-15%,,2648,naver_blog:670; naver_cafe:2648
11,glenfiddich-15,글렌피딕 15 솔레라,single_malt,15,115,778,151,-24%,,1454,naver_blog:778; naver_cafe:1454
12,yamazaki-18,야마자키 18,single_malt,13,115,596,168,-32%,,1695,naver_blog:596; naver_cafe:1695
13,johnnie-walker-green,조니워커 그린,blended,14,114,732,154,-26%,,1130,naver_blog:732; naver_cafe:1130
14,jameson,제임슨,etc,17,105,516,102,+3%,,1099,naver_blog:516; naver_cafe:1099
15,balvenie-21-portwood,발베니 21 포트우드,single_malt,8,90,652,156,-42%,,1340,naver_blog:652; naver_cafe:1340
16,hakushu-12,하쿠슈 12,single_malt,5,88,392,86,+2%,,1119,naver_blog:392; naver_cafe:1119
17,macallan-15-double-cask,맥캘란 15 더블캐스크,single_malt,12,87,407,92,-5%,,1976,naver_blog:407; naver_cafe:1976
18,glenlivet-12,글렌리벳 12,single_malt,17,86,560,121,-29%,,1362,naver_blog:560; naver_cafe:1362
19,macallan-12-sherry,맥캘란 12 셰리오크,single_malt,10,84,376,86,-2%,,1276,naver_blog:376; naver_cafe:1276
20,hibiki-harmony,히비키 하모니,blended,6,83,469,119,-30%,,1111,naver_blog:469; naver_cafe:1111
21,laphroaig-10,라프로익 10,single_malt,13,83,362,83,+0%,,1506,naver_blog:362; naver_cafe:1506
22,ardbeg-10,아드벡 10,single_malt,8,82,338,64,+28%,,1755,naver_blog:338; naver_cafe:1755
23,glenfiddich-18,글렌피딕 18,single_malt,11,81,499,104,-22%,,1384,naver_blog:499; naver_cafe:1384
24,monkey-shoulder,몽키숄더,blended,14,80,423,106,-25%,,1973,naver_blog:423; naver_cafe:1973
25,macallan-18-sherry,맥캘란 18 셰리오크,single_malt,10,75,376,90,-17%,,1974,naver_blog:376; naver_cafe:1974
26,jim-beam-white,짐빔,bourbon,12,71,347,70,+1%,,1910,naver_blog:347; naver_cafe:1910
27,balvenie-14-caribbean,발베니 14 카리비안캐스크,single_malt,4,70,522,116,-40%,,1303,naver_blog:522; naver_cafe:1303
28,springbank-10,스프링뱅크 10,single_malt,14,69,277,54,+28%,,1829,naver_blog:277; naver_cafe:1829
29,kavalan-solist-vinho,카발란 솔리스트 비뇨바리크,single_malt,6,68,338,83,-18%,,1110,naver_blog:338; naver_cafe:1110
30,talisker-10,탈리스커 10,single_malt,8,68,329,74,-8%,,1378,naver_blog:329; naver_cafe:1378
31,buffalo-trace,버팔로 트레이스,bourbon,6,63,287,61,+3%,,1438,naver_blog:287; naver_cafe:1438
32,glendronach-12,글렌드로낙 12,single_malt,5,61,422,96,-36%,,1411,naver_blog:422; naver_cafe:1411
33,wild-turkey-101,와일드터키 101,bourbon,7,58,313,56,+4%,,1346,naver_blog:313; naver_cafe:1346
34,chivas-regal-12,시바스리갈 12,blended,5,56,345,69,-19%,,1226,naver_blog:345; naver_cafe:1226
35,glendronach-15,글렌드로낙 15,single_malt,4,48,332,79,-39%,,1321,naver_blog:332; naver_cafe:1321
36,glenmorangie-original,글렌모렌지 오리지널,single_malt,9,47,253,46,+2%,,1927,naver_blog:253; naver_cafe:1927
37,nikka-from-the-barrel,니카 프롬 더 배럴,blended,5,46,282,74,-38%,,1615,naver_blog:282; naver_cafe:1615
38,hibiki-17,히비키 17,blended,4,45,280,88,-49%,,1388,naver_blog:280; naver_cafe:1388
39,woodford-reserve,우드포드 리저브,bourbon,3,44,316,54,-19%,,1211,naver_blog:316; naver_cafe:1211
40,lagavulin-16,라가불린 16,single_malt,5,44,300,67,-34%,,1274,naver_blog:300; naver_cafe:1274
41,dalmore-12,달모어 12,single_malt,6,44,239,50,-12%,,1199,naver_blog:239; naver_cafe:1199
42,highland-park-12,하이랜드파크 12,single_malt,6,43,216,38,+13%,,1765,naver_blog:216; naver_cafe:1765
43,glenlivet-18,글렌리벳 18,single_malt,6,41,352,84,-51%,,1255,naver_blog:352; naver_cafe:1255
44,kavalan-classic,카발란 클래식,single_malt,6,35,145,49,-29%,,1047,naver_blog:145; naver_cafe:1047
45,eagle-rare-10,이글레어 10,bourbon,2,31,169,34,-9%,,1999,naver_blog:169; naver_cafe:1999
46,aberlour-12,아벨라워 12,single_malt,3,29,242,48,-40%,,1191,naver_blog:242; naver_cafe:1191
47,lagavulin-8,라가불린 8,single_malt,2,27,167,28,-4%,,1174,naver_blog:167; naver_cafe:1174
48,bowmore-12,보모어 12,single_malt,4,25,120,24,+4%,,1255,naver_blog:120; naver_cafe:1255
49,bunnahabhain-12,부나하벤 12,single_malt,0,23,86,17,+35%,,1213,naver_blog:86; naver_cafe:1213
50,aberlour-a-bunadh,아벨라워 아부나흐,single_malt,2,22,118,24,-8%,,1108,naver_blog:118; naver_cafe:1108
51,oban-14,오반 14,single_malt,1,21,75,16,+31%,,1189,naver_blog:75; naver_cafe:1189
52,glenmorangie-quinta-ruban,글렌모렌지 퀸타루반,single_malt,2,11,50,12,-8%,,1046,naver_blog:50; naver_cafe:1046
53,knob-creek-9,놉크릭 9,bourbon,1,11,39,8,+38%,,1199,naver_blog:39; naver_cafe:1199
54,redbreast-12,레드브레스트 12,single_malt,2,10,52,10,+0%,,1077,naver_blog:52; naver_cafe:1077
55,glenmorangie-nectar,글렌모렌지 넥타도르,single_malt,2,10,47,13,-23%,,1029,naver_blog:47; naver_cafe:1029
56,ardbeg-corryvreckan,아드벡 코리브레칸,single_malt,1,10,45,9,+11%,,1079,naver_blog:45; naver_cafe:1079
57,bulleit-bourbon,불렛 버번,bourbon,0,9,29,2,+350%,Y,613,naver_blog:29; naver_cafe:613
58,glenmorangie-lasanta,글렌모렌지 라산타,single_malt,2,8,49,7,+14%,,1049,naver_blog:49; naver_cafe:1049
59,laphroaig-quarter-cask,라프로익 쿼터캐스크,single_malt,0,6,38,10,-40%,,1052,naver_blog:38; naver_cafe:1052
60,bruichladdich-classic,브룩라디 클래식 라디,single_malt,0,6,16,4,+50%,Y,284,naver_blog:16; naver_cafe:284
61,caol-ila-12,카올일라 12,single_malt,0,5,40,14,-64%,,1176,naver_blog:40; naver_cafe:1176
62,glenlivet-founders,글렌리벳 파운더스 리저브,single_malt,0,5,14,2,+150%,Y,426,naver_blog:14; naver_cafe:426
63,ardbeg-uigeadail,아드벡 우가달,single_malt,0,3,18,5,-40%,,908,naver_blog:18; naver_cafe:908
